{
    "CPTtoolOutput": {
        "Lithology": [
            "6",
            "5/6",
            "5/6",
            "5/6",
            "6/5"
        ],
        "Depth": [
            0.0,
            4.18,
            5.97,
            6.55,
            9.55
        ],
        "E": [
            202014055.0,
            240598983.0,
            246330943.0,
            258952872.0,
            324592835.0
        ],
        "v": [
            0.293,
            0.279,
            0.251,
            0.273,
            0.304
        ],
        "rho": [
            1931.0,
            1931.0,
            1931.0,
            1931.0,
            1931.0
        ],
        "damping": [
            0.01127,
            0.01011,
            0.01029,
            0.01061,
            0.0098
        ],
        "var_depth": [
            0.122,
            0.08,
            0.029,
            0.247,
            0.175
        ],
        "var_E": [
            0.178,
            0.156,
            0.132,
            0.193,
            0.223
        ],
        "var_v": [
            0.074,
            0.139,
            0.176,
            0.348,
            0.269
        ],
        "var_rho": [
            0.069,
            0.069,
            0.069,
            0.069,
            0.069
        ],
        "var_damping": [
            0.22,
            0.101,
            0.077,
            0.184,
            0.121
        ]
    },
    "NaverwerkingOutput": [
        {
            "GevraagdeAfstand": 40,
            "Lengte": 10,
            "Y": [
                1.72e-10,
                6.1e-10,
                2.5e-09,
                8.838e-09,
                1.4614e-08,
                1.5747e-08
            ],
            "Y_ratio": [
                1.33,
                1.25,
                0.73,
                0.61,
                0.66,
                0.64
            ],
            "c": [
                194.0,
                214.0,
                205.0,
                200.0,
                197.0,
                207.0
            ],
            "c_ratio": [
                1.43,
                1.22,
                1.13,
                1.03,
                1.03,
                1.02
            ],
            "fase": [
                -2.75,
                0.98,
                -2.53,
                0.46,
                -0.39,
                -0.29
            ]
        },
        {
            "GevraagdeAfstand": 0,
            "Lengte": 2,
            "Y": [
                2.4835e-08,
                4.896e-08,
                1.03694e-07,
                2.04905e-07,
                3.59608e-07,
                5.15318e-07
            ],
            "Y_ratio": [
                0.13,
                0.13,
                0.14,
                0.16,
                0.2,
                0.28
            ],
            "c": [
                410.0,
                391.0,
                307.0,
                260.0,
                243.0,
                321.0
            ],
            "c_ratio": [
                12.15,
                7.21,
                3.87,
                2.47,
                1.88,
                1.55
            ],
            "fase": [
                -0.05,
                -0.09,
                -0.21,
                -0.45,
                -0.84,
                -1.36
            ]
        },
        {
            "GevraagdeAfstand": 24,
            "Lengte": 2,
            "Y": [
                4.7e-10,
                1.136e-09,
                3.663e-09,
                1.1978e-08,
                2.8238e-08,
                3.2475e-08
            ],
            "Y_ratio": [
                0.51,
                0.73,
                0.97,
                0.62,
                0.62,
                0.63
            ],
            "c": [
                201.0,
                211.0,
                203.0,
                194.0,
                196.0,
                208.0
            ],
            "c_ratio": [
                1.4,
                1.37,
                1.21,
                1.13,
                1.06,
                1.03
            ],
            "fase": [
                -1.66,
                -3.11,
                -0.14,
                1.43,
                -2.22,
                -0.44
            ]
        }
    ]
}