{
    "Vloer": {
        "frequentiesQuarterspan": [],
        "frequentiesMidspan": [],
        "hout": [],
        "var_hout": [],
        "var_frequentiesMidspan": [],
        "var_frequentiesQuarterspan": []
    },
    "Gebouw": {
        "bouwjaar": [
            1990
        ],
        "appartement": [],
        "aantalBouwlagen": [
            3
        ],
        "wandlengte": [
            7
        ],
        "gevellengte": [
            8
        ],
        "var_gevellengte": [],
        "var_wandlengte": [],
        "var_aantalBouwlagen": [],
        "var_appartement": [],
        "var_bouwjaar": []
    },
    "Bodem": {
        "Y": [
            2.4835e-08,
            4.896e-08,
            1.03694e-07,
            2.04905e-07,
            3.59608e-07,
            5.15318e-07
        ],
        "fase": [
            -0.05,
            -0.09,
            -0.21,
            -0.45,
            -0.84,
            -1.36
        ],
        "c": [
            194.0,
            214.0,
            205.0,
            200.0,
            197.0,
            207.0
        ],
        "c_ratio": [
            1.43,
            1.22,
            1.13,
            1.03,
            1.03,
            1.02
        ],
        "var_Y": [
            0.181,
            0.181,
            0.181,
            0.182,
            0.153,
            0.158
        ],
        "var_fase": [
            0.123,
            0.129,
            0.134,
            0.139,
            0.145,
            0.15
        ],
        "var_c": [
            0.131,
            0.131,
            0.131,
            0.131,
            0.1,
            0.097
        ],
        "var_c_ratio": [
            0.051,
            0.05,
            0.049,
            0.048,
            0.046,
            0.045
        ]
    }
}